calorific_value,nitrogen,turbidity,style,alcohol,sugars,bitterness,beer_id,colour,degree_of_fermentation
41.72123894,0.503275756,2.628181818,ale,4.015384615,16.73,10.45278947,93,13.44,55.33714286
42.42920354,0.52551218,1.776363636,ale,4.092307692,16.72,10.99952632,103,12.24,58.38
45.88053097,0.443232788,2.628181818,ale,4.276923077,16.68,13.45636842,178,10.92,58.38285714
45.30530973,0.471667792,1.806363636,ale,4.126153846,18.84,9.202736842,166,10.92,58.52571429
38.97787611,0.392845762,2.272727273,ale,4.015384615,16.77,9.457894737,44,10.56,58.9
41.1460177,0.396443611,0.885454545,ale,4.021538462,16.5,13.02610526,78,14.16,59.41428571
45.39380531,0.466171648,1.980909091,ale,4.563076923,16.64,11.44852632,170,12.96,60.01857143
38.2699115,0.472478164,2.099090909,ale,4.313846154,16.68,12.32826316,31,12.48,60.35571429
43.53539823,0.435870902,1.342727273,ale,4.061538462,16.78,10.81915789,122,12.6,60.46571429